Name, Time
1,17:30:01
1,17:30:01
1,17:30:02
1,17:30:02
1,17:30:03
1,17:30:04
1,17:30:04
1,17:30:05
1,17:30:05
1,17:30:06
1,17:30:06
1,17:30:07
1,17:30:07
1,17:30:08
1,17:30:08
1,17:30:09
1,17:30:09
1,17:30:10
1,17:30:10
1,17:30:11
1,17:30:12
1,17:30:12
1,17:30:13
1,17:30:14
1,17:30:14
1,17:30:15
1,17:30:16
1,17:30:16
1,17:30:17
1,17:30:17
1,17:30:18
1,17:30:19
1,17:30:19
1,17:30:20
1,17:30:20
1,17:30:21
1,17:30:22
1,17:30:22
1,17:30:23
1,17:30:24
1,17:30:24
1,17:30:25
1,17:30:25
1,17:30:26
1,17:30:27
1,17:30:27
1,17:30:28
3,17:30:31
1,17:30:35
1,17:30:36
1,17:30:37
1,17:30:37
1,17:30:38
1,17:30:38
1,17:30:39
1,17:30:39
1,17:30:40
1,17:30:40
1,17:30:41
1,17:30:42
1,17:30:42
1,17:30:43
1,17:30:43
1,17:30:44
1,17:30:44
1,17:30:45
1,17:30:46
1,17:30:46
1,17:30:46
1,17:30:47
1,17:30:47
1,17:30:48
1,17:30:48
1,17:30:49
1,17:30:49
1,17:30:50
1,17:30:50
1,17:30:51
1,17:30:51
1,17:30:52
1,17:30:52
1,17:30:53
1,17:30:53
1,17:30:54
1,17:30:54
1,17:30:55
1,17:30:55
1,17:30:56
1,17:31:58
1,17:31:58
1,17:31:59
2,17:31:59
2,17:31:59
2,17:32:00
2,17:32:00
2,17:32:01
2,17:32:01
2,17:32:02
2,17:32:02
1,17:32:03
1,17:32:03
1,17:32:03
1,17:32:04
1,17:32:04
1,17:32:05
1,17:32:05
1,17:32:06
1,17:32:06
1,17:32:07
1,17:32:07
1,17:32:08
1,17:32:08
1,17:32:09
1,17:32:09
1,17:32:10
1,17:32:10
1,17:32:11
1,17:32:11
1,17:32:12
1,17:32:12
1,17:32:13
1,17:32:14
1,17:32:14
1,17:32:15
1,17:32:15
1,17:32:16
1,17:32:16
1,17:32:17
1,17:32:17
1,17:32:18
1,17:32:18
1,17:32:18
1,17:32:19
1,17:32:19
1,17:32:20
1,17:32:20
1,17:32:21
1,17:32:21
1,17:32:22
1,17:32:22
1,17:32:22
1,17:32:23
1,17:32:23
1,17:32:24
1,17:32:25
1,17:32:25
1,17:32:26
1,17:32:26
1,17:32:27
1,17:32:27
1,17:32:28
1,17:32:29
1,17:32:29
1,17:32:30
1,17:32:30
1,17:32:31
1,17:32:31
1,17:32:32
1,17:32:32
1,17:32:32
1,17:32:33
1,18:01:53
1,18:01:53
1,18:01:54
1,18:01:54
1,18:01:55
1,18:01:55
1,18:01:55
1,18:01:56
1,18:01:56
1,18:01:57
1,18:01:57
1,18:01:57
1,18:01:58
1,18:01:58
1,18:01:59
1,18:01:59
1,18:02:00
1,18:02:00
1,18:02:00
1,18:02:01
1,18:02:01
1,18:02:02
1,18:02:02
1,18:02:03
1,18:02:03
1,18:02:04
1,18:02:04
1,18:02:04
1,18:02:05
1,18:02:06
1,18:02:06
1,18:02:06
1,18:02:07
1,18:02:07
1,18:02:08
1,18:02:08
1,18:02:09
1,18:02:09
1,18:02:10
1,18:02:10
1,18:02:11
1,18:02:11
1,18:02:12
1,18:02:12
1,18:02:13
1,18:02:13
1,18:02:14
1,18:02:14
1,18:02:15
1,18:02:15
1,18:02:15
1,18:02:16
1,18:02:16
1,18:02:17
1,18:02:17
1,18:02:18
1,18:02:18
1,18:02:19
1,18:02:19
1,18:02:19
1,18:02:20
1,18:02:20
1,18:02:21
1,18:02:22
1,18:02:22
1,18:02:23
1,18:02:23
1,18:02:24
1,18:02:24
1,18:02:24
1,18:02:25
1,18:02:25
1,18:02:26
1,18:02:26
1,18:02:27
1,18:02:27
1,18:02:27
1,18:02:28
1,18:02:28
1,18:02:29
1,18:02:29
1,18:02:30
1,18:02:30
1,18:02:30
1,18:02:31
1,18:02:31
1,18:02:32
1,18:02:32
1,18:02:33
1,18:02:33
1,18:02:33
1,18:02:34
1,18:02:34
1,18:02:35
1,18:02:35
1,18:02:36
1,18:02:36
1,18:02:37
1,18:02:37
1,18:02:37
1,18:02:38
1,18:02:40
1,18:02:40
1,18:02:41
1,18:02:41
1,18:02:42
3,18:02:44
3,18:02:45
3,18:02:45
3,18:02:46
1,18:02:48
1,18:02:48
1,18:02:49
1,18:02:49
1,18:02:50
1,18:02:50
1,18:02:50
1,18:02:51
1,18:02:51
1,18:02:52
1,18:02:52
1,18:02:53
1,18:02:53
1,18:02:54
1,18:02:54
1,18:02:55
1,18:02:55
1,18:02:56
1,18:02:57
1,18:02:57
1,18:02:57
1,18:02:58
2,18:10:52
1,18:10:52
1,18:10:53
1,18:10:53
1,18:10:54
1,18:10:54
1,18:10:54
1,18:10:55
1,18:10:55
1,18:10:56
1,18:10:56
1,18:10:57
1,18:10:59
1,18:10:59
1,18:11:00
1,18:11:00
1,18:11:01
1,18:11:02
1,18:11:02
1,18:11:03
1,18:11:03
1,18:11:04
1,18:11:04
1,18:11:05
1,18:11:05
1,18:11:06
1,18:11:06
1,18:11:06
1,18:11:07
1,18:11:07
1,18:11:08
1,18:11:08
3,18:11:11
3,18:11:11
3,18:11:11
3,18:11:12
3,18:11:12
3,18:11:13
3,18:11:13
1,18:11:15
1,18:11:16
1,18:11:16
1,18:11:17
1,18:11:17
1,18:11:17
1,18:11:18
1,18:11:18
1,18:11:19
1,18:11:19
1,18:11:20
2,18:11:20
1,18:11:20
1,18:11:21
1,18:11:21
1,18:11:22
2,18:11:22
1,18:11:23
1,18:11:23
1,18:11:24
1,18:11:24
1,18:11:25
1,18:11:25
1,18:11:26
1,18:11:26
1,18:11:27
1,18:11:27
1,18:11:27
1,18:11:28
1,18:11:28
1,18:11:29
1,18:11:29
1,18:11:30
1,18:11:30
2,18:11:33
2,18:11:34
2,18:11:35
2,18:11:35
2,18:11:36
2,18:11:36
2,18:11:37
2,18:11:38
2,18:11:38
1,18:11:39
1,18:11:39
2,18:11:40
1,18:11:40
1,18:11:41
1,18:11:41
1,18:11:42
1,18:11:42
1,18:11:42
2,18:11:59
2,18:12:00
2,18:12:00
2,18:12:01
2,18:12:01
2,18:12:01
2,18:12:02
2,18:12:02
2,18:12:03
2,18:12:03
2,18:12:04
2,18:12:04
2,18:12:05
2,18:12:05
1,18:12:06
1,18:12:06
1,18:12:07
1,18:12:07
1,18:12:07
1,18:12:08
1,18:12:08
3,18:12:09
1,18:12:09
3,18:12:10
2,18:12:11
1,18:12:11
1,18:12:12
1,18:12:12
1,18:12:13
1,18:12:13
1,18:12:14
1,18:12:14
1,18:12:14
1,18:12:15
1,18:19:13
1,18:19:14
1,18:19:14
1,18:19:15
1,18:19:15
1,18:19:15
1,18:19:16
1,18:19:16
1,18:19:17
1,18:19:17
1,18:19:18
1,18:19:18
1,18:19:19
1,18:19:19
1,18:19:19
1,18:19:21
1,18:19:23
1,18:19:23
1,18:19:24
1,18:19:24
1,18:19:25
1,18:19:25
1,18:19:26
1,18:19:26
1,18:19:27
1,18:19:27
1,18:19:28
1,18:19:28
1,18:19:28
1,18:19:29
1,18:19:29
1,18:19:30
1,18:19:30
1,18:19:31
1,18:19:31
1,18:19:32
1,18:19:32
1,18:19:33
1,18:19:33
1,18:19:34
1,18:19:34
1,18:19:34
1,18:19:35
1,18:19:35
1,18:19:36
1,18:19:36
1,18:19:37
1,18:19:37
1,18:19:38
1,18:19:38
1,18:19:39
1,sneha, 18:20:46
1,sneha, 18:20:49
1,sneha, 18:20:49
1,sneha, 18:20:50
1,sneha, 18:20:51
1,sneha, 18:20:52
1,sneha, 18:20:52
1,sneha, 18:20:53
1,sneha, 18:20:54
1,sneha, 18:20:55
1,sneha, 18:20:55
1,sneha, 18:20:56
1,sneha, 18:20:57
1,sneha, 18:20:57
1,sneha, 18:20:58
1,sneha, 18:20:58
1,sneha, 18:21:00
1,sneha, 18:21:00
1,sneha, 18:21:01
1,sneha, 18:21:01
1,sneha, 18:21:01
1,sneha, 18:21:02
1,sneha, 18:21:02
1,sneha, 18:21:03
1,sneha, 18:21:03
1,sneha, 18:21:04
1,sneha, 18:21:04
1,sneha, 18:21:04
1,sneha, 18:24:19
1,sneha, 18:24:20
1,sneha, 18:24:20
1,sneha, 18:24:21
1,sneha, 18:24:21
1,sneha, 18:24:21
1,sneha, 18:24:24
1,sneha, 18:24:24
1,sneha, 18:24:25
1,sneha, 18:24:25
1,sneha, 18:24:25
1,sneha, 18:24:26
1,sneha, 18:24:26
1,sneha, 18:24:27
1,sneha, 18:24:27
1,sneha, 18:24:28
1,sneha, 18:24:28
1,sneha, 18:24:29
1,sneha, 18:24:29
1,sneha, 18:24:30
1,sneha, 18:24:30
1,sneha, 18:24:30
1,sneha, 18:24:32
1,sneha, 18:24:33
1,sneha, 18:24:33
1,sneha, 18:24:34
1,sneha, 18:24:34
1,sneha, 18:24:34
1,sneha, 18:24:35
1,sneha, 18:24:35
1,sneha, 18:24:36
1,sneha, 18:24:36
1,sneha, 18:24:37
1,sneha, 18:24:37
1,sneha, 18:24:38
1,sneha, 18:24:38
1,sneha, 18:24:38
1,sneha, 18:24:39
1,sneha, 18:24:39
1,sneha, 18:24:40
1,sneha, 18:24:40
1,sneha, 18:24:41
1,sneha, 18:24:41
1,sneha, 18:24:42
1,sneha, 18:24:42
1,sneha, 18:24:43
1,sneha, 18:24:43
1,sneha, 18:24:44
1,sneha, 18:24:54
1,sneha, 18:24:55
1,sneha, 18:24:55
1,sneha, 18:24:56
1,sneha, 18:24:56
1,sneha, 18:24:57
1,sneha, 18:24:57
1,sneha, 18:24:58
1,sneha, 18:24:58
1,sneha, 18:24:59
1,sneha, 18:24:59
1,sneha, 18:25:00
1,sneha, 18:25:00
1,sneha, 18:25:01
1,sneha, 18:25:01
1,sneha, 18:25:02
1,sneha, 18:25:02
1,sneha, 18:25:02
1,sneha, 18:25:03
1,sneha, 18:25:03
1,sneha, 18:25:04
1,sneha, 18:25:04
1,sneha, 18:25:05
1,sneha, 18:25:05
1,sneha, 18:25:06
1,sneha, 18:25:06
1,sneha, 18:25:06
1,sneha, 18:25:07
1,sneha, 18:25:07
1,sneha, 18:25:08
1,sneha, 18:25:08
1,sneha, 18:25:09
1,sneha, 18:25:09
1,sneha, 18:25:10
1,sneha, 18:25:10
1,sneha, 18:25:11
1,sneha, 18:25:11
1,sneha, 18:25:12
1,sneha, 18:25:13
1,sneha, 18:25:13
1,sneha, 18:25:14
1,sneha, 18:25:14
1,sneha, 18:25:58
1,sneha, 18:25:58
1,sneha, 18:25:59
2,mumma, 18:26:00
1,sneha, 18:26:00
1,sneha, 18:26:01
1,sneha, 18:26:01
1,sneha, 18:26:01
1,sneha, 18:26:02
1,sneha, 18:26:02
1,sneha, 18:26:03
1,sneha, 18:26:03
1,sneha, 18:26:04
1,sneha, 18:26:04
1,sneha, 18:26:04
1,sneha, 18:26:05
1,sneha, 18:26:05
1,sneha, 18:26:06
1,sneha, 18:26:06
1,sneha, 18:26:07
1,sneha, 18:26:08
1,sneha, 18:26:08
1,sneha, 18:26:09
1,sneha, 18:26:09
1,sneha, 18:26:09
1,sneha, 18:26:10
1,sneha, 18:26:10
1,sneha, 18:26:11
1,sneha, 18:26:11
1,sneha, 18:26:12
1,sneha, 18:26:12
1,sneha, 18:26:12
1,sneha, 18:26:13
1,sneha, 18:26:13
1,sneha, 18:26:14
1,sneha, 18:26:14
1,sneha, 18:26:15
1,sneha, 18:26:15
1,sneha, 18:26:16
1,sneha, 18:26:16
1,sneha, 18:26:38
1,sneha, 18:26:38
1,sneha, 18:26:39
1,sneha, 18:26:39
1,sneha, 18:26:39
1,sneha, 18:26:40
1,sneha, 18:26:40
1,sneha, 18:26:41
1,sneha, 18:26:41
1,sneha, 18:26:42
1,sneha, 18:26:42
1,sneha, 18:26:42
1,sneha, 18:26:43
1,sneha, 18:26:43
1,sneha, 18:26:44
1,sneha, 18:26:44
1,sneha, 18:26:45
1,sneha, 18:26:45
1,sneha, 18:26:46
1,sneha, 18:26:46
1,sneha, 18:26:47
1,sneha, 18:26:47
1,sneha, 18:26:47
1,sneha, 18:26:48
1,sneha, 18:26:48
1,sneha, 18:26:49
1,sneha, 18:26:49
1,sneha, 18:26:50
1,sneha, 18:26:50
1,sneha, 18:26:51
1,sneha, 18:26:51
1,sneha, 18:26:52
2,mumma, 18:27:08
1,sneha, 18:27:09
1,sneha, 18:27:09
1,sneha, 18:27:10
1,sneha, 18:27:10
1,sneha, 18:27:11
1,sneha, 18:27:11
1,sneha, 18:27:12
1,sneha, 18:27:12
1,sneha, 18:27:13
1,sneha, 18:27:15
1,sneha, 18:27:17
1,sneha, 18:27:17
1,sneha, 18:27:18
1,sneha, 18:27:18
1,sneha, 18:27:19
1,sneha, 18:27:19
1,sneha, 18:27:20
1,sneha, 18:27:20
1,sneha, 18:27:21
1,sneha, 18:27:21
2,mumma, 18:27:21
1,sneha, 18:27:22
1,sneha, 18:27:22
1,sneha, 18:27:23
1,sneha, 18:27:24
1,sneha, 18:27:24
1,sneha, 18:27:25
1,sneha, 18:27:25
1,sneha, 18:27:26
1,sneha, 18:27:26
1,sneha, 18:27:26
1,sneha, 18:27:27
1,sneha, 18:27:27
1,sneha, 18:27:28
1,sneha, 18:27:28
1,sneha, 18:27:29
1,sneha, 18:27:29
1,sneha, 18:27:30
1,sneha, 18:27:30
1,sneha, 18:27:31
1,sneha, 18:27:31
2,mumma, 18:29:14
2,mumma, 18:29:15
2,mumma, 18:29:15
1,sneha, 18:29:16
1,sneha, 18:29:16
1,sneha, 18:29:16
1,sneha, 18:29:17
1,sneha, 18:29:17
1,sneha, 18:29:18
1,sneha, 18:29:18
1,sneha, 18:29:18
1,sneha, 18:29:19
1,sneha, 18:29:20
1,sneha, 18:29:20
1,sneha, 18:29:21
1,sneha, 18:29:21
1,sneha, 18:29:22
1,sneha, 18:29:22
1,sneha, 18:29:22
1,sneha, 18:29:23
1,sneha, 18:29:23
1,sneha, 18:29:24
1,sneha, 18:29:24
1,sneha, 18:29:25
1,sneha, 18:29:25
1,sneha, 18:29:26
1,sneha, 18:29:26
1,sneha, 18:29:26
1,sneha, 18:32:54
1,sneha, 18:32:54
1,sneha, 18:32:55
1,sneha, 18:32:55
1,sneha, 18:32:56
1,sneha, 18:32:56
1,sneha, 18:32:57
1,sneha, 18:32:57
1,sneha, 18:32:57
1,sneha, 18:32:58
1,sneha, 18:32:58
1,sneha, 18:32:59
1,sneha, 18:32:59
1,sneha, 18:32:59
2,mumma, 18:33:00
1,sneha, 18:33:00
1,sneha, 18:33:01
1,sneha, 18:33:01
1,sneha, 18:33:01
1,sneha, 18:33:02
1,sneha, 18:33:02
1,sneha, 18:33:03
1,sneha, 18:33:03
1,sneha, 18:33:03
1,sneha, 18:33:04
1,sneha, 18:33:04
1,sneha, 18:33:05
1,sneha, 18:33:05
1,sneha, 18:33:06
1,sneha, 18:33:06
1,sneha, 18:33:07
1,sneha, 18:33:07
1,sneha, 18:33:07
1,sneha, 18:33:08
1,sneha, 18:33:33
1,sneha, 18:33:36
1,sneha, 18:33:36
1,sneha, 18:33:37
1,sneha, 18:33:37
1,sneha, 18:33:38
1,sneha, 18:33:38
1,sneha, 18:33:38
1,sneha, 18:33:39
1,sneha, 18:33:39
1,sneha, 18:33:40
1,sneha, 18:33:40
1,sneha, 18:33:41
1,sneha, 18:33:41
1,sneha, 18:33:41
1,sneha, 18:33:42
1,sneha, 18:33:43
1,sneha, 18:33:43
1,sneha, 18:33:43
1,sneha, 18:33:44
1,sneha, 18:33:44
1,sneha, 18:33:45
1,sneha, 18:33:45
1,sneha, 18:33:46
1,sneha, 18:33:46
1,sneha, 18:33:47
1,sneha, 18:33:47
1,sneha, 18:33:47
1,sneha, 18:33:48
1,sneha, 18:33:48
1,sneha, 18:33:49
1,sneha, 18:33:49
1,sneha, 18:33:50
1,sneha, 18:33:50
1,sneha, 18:33:50
1,sneha, 18:33:51
1,sneha, 18:33:51
1,sneha, 18:33:52
1,sneha, 18:33:52
1,sneha, 18:33:52
1,sneha, 18:33:53
1,sneha, 18:33:53
1,sneha, 18:33:54
1,sneha, 18:33:54
1,sneha, 18:33:55
1,sneha, 18:33:55
1,sneha, 18:33:55
1,sneha, 18:33:56
1,sneha, 18:33:56
1,sneha, 18:33:57
1,sneha, 18:33:57
1,sneha, 18:33:58
1,sneha, 18:33:58
1,sneha, 18:33:58
1,sneha, 18:33:59
1,sneha, 18:33:59
1,sneha, 18:34:00
1,sneha, 18:34:00
1,sneha, 18:34:01
1,sneha, 18:34:01
1,sneha, 18:34:02
1,sneha, 18:34:02
1,sneha, 18:34:03
1,sneha, 18:34:03
1,sneha, 18:34:14
1,sneha, 18:34:15
1,sneha, 18:34:15
1,sneha, 18:34:16
1,sneha, 18:34:16
1,sneha, 18:34:17
1,sneha, 18:34:17
1,sneha, 18:34:18
1,sneha, 18:34:18
1,sneha, 18:34:19
1,sneha, 18:34:19
1,sneha, 18:34:19
1,sneha, 18:34:20
1,sneha, 18:34:20
1,sneha, 18:34:21
1,sneha, 18:34:21
1,sneha, 18:34:22
1,sneha, 18:34:22
1,sneha, 18:34:22
1,sneha, 18:34:23
1,sneha, 18:34:23
1,sneha, 18:34:24
1,sneha, 18:34:24
1,sneha, 18:34:25
1,sneha, 18:34:25
1,sneha, 18:34:25
1,sneha, 18:34:26
1,sneha, 18:34:26
1,sneha, 18:34:27
1,sneha, 18:34:27
1,sneha, 18:34:28
1,sneha, 18:34:28
1,sneha, 18:34:28
1,sneha, 18:34:29
1,sneha, 18:34:29
1,sneha, 18:34:30
1,sneha, 18:34:30
1,sneha, 18:34:31
1,sneha, 18:34:31
1,sneha, 18:34:31
1,sneha, 18:34:32
1,sneha, 18:34:32
1,sneha, 18:34:33
1,sneha, 18:34:33
1,sneha, 18:34:34
1,sneha, 18:34:34
1,sneha, 18:34:34
1,sneha, 18:34:35
1,sneha, 18:34:35
1,sneha, 18:34:36
1,sneha, 18:34:36
1,sneha, 18:34:37
1,sneha, 18:34:37
1,sneha, 18:34:37
1,sneha, 18:34:38
1,sneha, 18:34:38
1,sneha, 18:34:39
1,sneha, 18:34:39
1,sneha, 18:34:40
1,sneha, 18:34:40
1,sneha, 18:34:40
1,sneha, 18:34:41
1,sneha, 18:34:41
1,sneha, 18:34:42
1,sneha, 18:34:42
1,sneha, 18:34:43
1,sneha, 18:34:43
1,sneha, 18:34:44
1,sneha, 18:34:44
1,sneha, 18:34:44
1,sneha, 18:34:45
1,sneha, 18:34:45
1,sneha, 18:34:46
1,sneha, 18:34:46
1,sneha, 18:34:47
1,sneha, 18:34:47
1,sneha, 18:34:47
1,sneha, 18:34:48
1,sneha, 18:34:48
1,sneha, 18:34:49
1,sneha, 18:34:49
1,sneha, 18:34:50
1,sneha, 18:34:50
1,sneha, 18:34:51
1,sneha, 18:34:51
1,sneha, 18:34:51
1,sneha, 18:34:52
1,sneha, 18:34:52
1,sneha, 18:34:53
1,sneha, 18:34:53
1,sneha, 18:34:54
1,sneha, 18:34:55
1,sneha, 18:34:55
1,sneha, 18:34:55
1,sneha, 18:34:56
1,sneha, 18:34:56
2,mumma, 18:34:59
1,sneha, 18:35:01
1,sneha, 18:35:02
1,sneha, 18:35:02
1,sneha, 18:35:03
1,sneha, 18:35:03
1,sneha, 18:35:04
1,sneha, 18:35:04
1,sneha, 18:35:04
1,sneha, 18:35:05
1,sneha, 18:35:05
1,sneha, 18:35:06
1,sneha, 18:35:06
1,sneha, 18:35:07
1,sneha, 18:35:07
1,sneha, 18:35:08
1,sneha, 18:35:08
1,sneha, 18:35:08
1,sneha, 18:35:09
1,sneha, 18:35:10
1,sneha, 18:35:10
1,sneha, 18:35:11
1,sneha, 18:35:11
1,sneha, 18:35:11
2,mumma, 18:35:12
1,sneha, 18:35:13
1,sneha, 18:35:13
1,sneha, 18:35:14
1,sneha, 18:35:14
1,sneha, 18:35:14
1,sneha, 18:35:15
1,sneha, 18:35:15
1,sneha, 18:35:16
1,sneha, 18:35:16
2,mumma, 18:35:17
1,sneha, 18:35:17
1,sneha, 18:35:18
1,sneha, 18:35:18
1,sneha, 18:35:19
1,sneha, 18:35:20
1,sneha, 18:35:20
1,sneha, 18:35:20
1,sneha, 18:35:21
1,sneha, 18:35:25
2,mumma, 18:35:25
2,mumma, 18:35:26
2,mumma, 18:35:27
1,sneha, 18:35:28
1,sneha, 18:35:29
1,sneha, 18:35:29
1,sneha, 18:35:30
1,sneha, 18:35:30
1,sneha, 18:35:31
1,sneha, 18:35:31
2,mumma, 18:35:32
2,mumma, 18:35:32
1,sneha, 18:35:32
1,sneha, 18:35:33
1,sneha, 18:35:33
1,sneha, 18:35:34
1,sneha, 18:35:34
1,sneha, 18:35:37
1,sneha, 18:35:37
1,sneha, 18:35:38
1,sneha, 18:35:38
1,sneha, 18:35:39
1,sneha, 18:35:39
1,sneha, 18:35:40
1,sneha, 18:35:40
1,sneha, 18:35:41
1,sneha, 18:35:41
1,sneha, 18:35:41
1,sneha, 18:35:42
1,sneha, 18:35:42
1,sneha, 18:35:43
1,sneha, 18:35:43
1,sneha, 18:37:11
1,sneha, 18:37:11
1,sneha, 18:37:12
1,sneha, 18:37:12
1,sneha, 18:37:12
1,sneha, 18:37:13
1,sneha, 18:37:13
1,sneha, 18:37:14
1,sneha, 18:37:14
1,sneha, 18:37:15
1,sneha, 18:37:15
2,mumma, 18:37:15
1,sneha, 18:37:16
1,sneha, 18:37:16
1,sneha, 18:37:17
1,sneha, 18:37:19
1,sneha, 18:37:19
1,sneha, 18:37:20
1,sneha, 18:37:20
1,sneha, 18:37:21
1,sneha, 18:37:21
1,sneha, 18:37:22
1,sneha, 18:37:22
1,sneha, 18:42:26
1,sneha, 18:42:26
1,sneha, 18:42:27
1,sneha, 18:42:27
1,sneha, 18:42:28
1,sneha, 18:42:28
1,sneha, 18:42:28
1,sneha, 18:42:29
1,sneha, 18:42:29
1,sneha, 18:42:30
1,sneha, 18:42:30
1,sneha, 18:42:30
1,sneha, 18:42:31
1,sneha, 18:42:31
1,sneha, 18:42:32
1,sneha, 18:42:32
1,sneha, 18:42:32
1,sneha, 18:42:33
1,sneha, 18:42:33
1,sneha, 18:42:34
1,sneha, 18:42:34
1,sneha, 18:42:35
1,sneha, 18:42:35
1,sneha, 18:42:35
1,sneha, 18:42:36
1,sneha, 18:42:36
1,sneha, 18:42:37
1,sneha, 18:42:37
1,sneha, 18:42:37
1,sneha, 18:42:38
1,sneha, 18:42:38
1,sneha, 18:42:39
1,sneha, 18:42:39
1,sneha, 18:42:40
1,sneha, 18:42:40
1,sneha, 18:42:40
1,sneha, 18:42:41
1,sneha, 18:42:41
1,sneha, 18:55:42
1,sneha, 18:55:43
1,sneha, 18:55:43
1,sneha, 18:55:43
1,sneha, 18:55:44
1,sneha, 18:55:44
1,sneha, 18:55:45
1,sneha, 18:55:45
1,sneha, 18:55:45
1,sneha, 18:55:46
1,sneha, 18:55:46
1,sneha, 18:55:47
1,sneha, 18:55:47
1,sneha, 18:55:47
1,sneha, 18:55:48
1,sneha, 18:55:48
1,sneha, 18:55:49
1,sneha, 18:55:49
1,sneha, 18:55:49
1,sneha, 18:55:50
1,sneha, 18:55:50
1,sneha, 18:55:50
1,sneha, 18:55:51
1,sneha, 18:55:51
1,sneha, 18:55:52
1,sneha, 18:55:52
1,sneha, 18:55:52
1,sneha, 18:55:53
1,sneha, 18:55:53
1,sneha, 18:55:54
1,sneha, 18:55:54
1,sneha, 18:55:55
1,sneha, 18:55:55
1,sneha, 18:55:55
1,sneha, 18:55:56
1,sneha, 18:55:56
1,sneha, 18:55:57
1,sneha, 18:55:57
1,sneha, 18:55:58
1,sneha, 18:55:58
1,sneha, 18:55:59
1,sneha, 18:55:59
1,sneha, 18:56:00
1,sneha, 18:56:00
1,sneha, 18:56:00
1,sneha, 18:56:01
1,sneha, 18:56:01
1,sneha, 18:56:02
1,sneha, 18:56:02
1,sneha, 18:56:02
1,sneha, 18:56:03
1,sneha, 18:56:03
1,sneha, 18:56:04
1,sneha, 18:56:04
1,sneha, 18:56:05
1,sneha, 18:56:05
1,sneha, 18:56:05
1,sneha, 18:56:06
1,sneha, 18:56:06
1,sneha, 18:56:07
1,sneha, 18:56:07
1,sneha, 18:56:07
1,sneha, 18:56:08
1,sneha, 18:56:08
1,sneha, 18:56:09
1,sneha, 18:56:09
1,sneha, 18:56:10
1,sneha, 18:56:10
1,sneha, 18:56:11
1,sneha, 18:56:11
1,sneha, 18:56:12
1,sneha, 18:56:12
1,sneha, 18:56:13
1,sneha, 18:56:13
1,sneha, 18:56:13
1,sneha, 18:56:14
1,sneha, 18:56:14
1,sneha, 18:56:15
1,sneha, 18:56:15
1,sneha, 18:56:15
1,sneha, 18:56:16
1,sneha, 18:56:16
1,sneha, 18:56:17
1,sneha, 18:56:17
1,sneha, 18:56:18
1,sneha, 18:56:18
1,sneha, 18:56:19
1,sneha, 18:56:19
1,sneha, 18:56:20
1,sneha, 18:56:20
1,sneha, 18:56:20
1,sneha, 19:24:39
1,sneha, 19:24:40
1,sneha, 19:24:41
1,sneha, 19:24:41
1,sneha, 19:24:42
1,sneha, 19:24:43
1,sneha, 19:24:44
1,sneha, 19:24:45
1,sneha, 19:24:45
1,sneha, 19:24:46
1,sneha, 19:24:47
1,sneha, 19:24:47
1,sneha, 19:24:48
1,sneha, 19:24:48
1,sneha, 19:24:49
1,sneha, 19:24:49
1,sneha, 19:24:50
1,sneha, 19:24:50
1,sneha, 19:24:51
1,sneha, 19:24:51
1,sneha, 19:24:52
1,sneha, 19:24:52
1,sneha, 19:24:53
1,sneha, 19:24:53
1,sneha, 19:24:54
1,sneha, 19:24:54
1,sneha, 19:24:55
1,sneha, 19:24:55
1,sneha, 19:24:56
1,sneha, 19:24:56
1,sneha, 19:24:57
1,sneha, 19:24:57
1,sneha, 19:24:58
1,sneha, 19:24:58
1,sneha, 19:24:59
1,sneha, 19:24:59
1,student1, 19:01:28
1,student1, 19:01:28
1,student1, 19:01:29
1,student1, 19:01:29
1,student1, 19:01:30
1,student1, 19:01:30
1,student1, 19:01:31
1,student1, 19:01:31
1,student1, 19:01:32
1,student1, 19:01:32
1,student1, 19:01:33
1,student1, 19:01:34
1,student1, 19:01:34
1,student1, 19:01:35
1,student1, 19:01:36
1,student1, 19:01:36
1,student1, 19:01:37
1,student1, 19:01:39
1,student1, 19:01:39
1,student1, 19:01:40
1,student1, 19:01:41
1,student1, 19:01:42
1,student1, 19:01:42
1,student1, 19:01:43
1,student1, 19:01:44
1,student1, 19:01:44
1,student1, 19:01:45
1,student1, 19:01:46
1,student1, 19:01:46
1,student1, 19:01:47
1,student1, 19:01:47
1,student1, 19:01:48
1,student1, 19:01:49
1,student1, 19:01:50
1,student1, 19:03:03
1,student1, 19:03:04
1,student1, 19:03:04
1,student1, 19:03:05
1,student1, 19:03:05
1,student1, 19:03:06
1,student1, 19:03:06
1,student1, 19:03:07
1,student1, 19:03:07
1,student1, 19:03:08
1,student1, 19:03:08
1,student1, 19:03:09
1,student1, 19:03:09
1,student1, 19:03:10
1,student1, 19:03:10
1,student1, 19:03:11
1,student1, 19:03:11
1,student1, 19:03:12
1,student1, 19:03:39
1,student1, 19:03:40
1,student1, 19:03:40
1,student1, 19:03:41
1,student1, 19:03:41
1,student1, 19:03:42
1,student1, 19:03:42
1,student1, 19:03:43
1,student1, 19:03:43
1,student1, 19:03:44
1,student1, 19:03:44
1,student1, 19:03:45
1,student1, 19:03:45
1,student1, 19:03:46
1,student1, 19:03:46
1,student1, 19:03:47
1,student1, 19:03:47
1,student1, 19:03:48
1,student1, 19:03:48
1,student1, 19:03:49
1,student1, 19:03:49
1,student1, 19:03:50
1,student1, 19:03:50
1,student1, 19:03:51
1,student1, 19:03:52
1,student1, 19:03:52
1,student1, 19:03:53
1,student1, 19:03:53
1,student1, 19:03:54
1,student1, 19:03:54
1,student1, 19:03:55
1,student1, 19:03:56
1,student1, 19:03:56
1,student1, 19:03:57
1,student1, 19:03:57
1,student1, 19:03:58
1,student1, 19:03:58
1,student1, 19:03:59
1,student1, 19:03:59
1,student1, 19:04:00
1,student1, 19:04:18
1,student1, 19:04:19
1,student1, 19:04:19
1,student1, 19:04:20
1,student1, 19:04:20
1,student1, 19:04:21
1,student1, 19:04:21
1,student1, 19:04:22
1,student1, 19:04:22
1,student1, 19:04:23
1,student1, 19:04:23
1,student1, 19:04:24
1,student1, 19:04:24
1,student1, 19:04:25
1,student1, 19:04:25
1,student1, 19:04:26
1,student1, 19:04:26
1,student1, 19:04:27
1,student1, 19:04:27
1,student1, 19:04:28
1,student1, 19:04:28
1,student1, 19:04:29
1,student1, 19:04:29
1,student1, 19:04:30
1,student1, 19:04:30
1,student1, 19:04:31
1,student1, 19:04:31
1,student1, 19:05:43
1,student1, 19:05:43
1,student1, 19:05:44
1,student1, 19:05:44
1,student1, 19:05:45
1,student1, 19:05:45
1,student1, 19:05:46
1,student1, 19:05:46
1,student1, 19:05:47
1,student1, 19:05:47
1,student1, 19:05:48
1,student1, 19:05:48
1,student1, 19:05:49
1,student1, 19:06:31
1,student1, 19:06:31
1,student1, 19:06:32
1,student1, 19:06:33
1,student1, 19:06:33
1,student1, 19:06:34
1,student1, 19:06:34
1,student1, 19:06:35
1,student1, 19:06:35
1,student1, 19:06:36
1,student1, 19:06:36
1,student1, 19:06:37
1,student1, 19:06:37
1,student1, 19:06:38
1,student1, 19:06:38
1,student1, 19:06:39
1,student1, 19:06:39
1,student1, 19:06:40
1,student1, 19:06:40
1,student1, 19:06:41
1, student1, 17-05-2022, 19:25:28
1, student1, 17-05-2022, 19:25:28
1, student1, 17-05-2022, 19:25:29
1, student1, 17-05-2022, 19:25:29
1, student1, 17-05-2022, 19:25:30
1, student1, 17-05-2022, 19:25:30
1, student1, 17-05-2022, 19:25:31
1, student1, 17-05-2022, 19:25:31
1, student1, 17-05-2022, 19:25:32
1, student1, 17-05-2022, 19:25:33
1, student1, 17-05-2022, 19:25:33
1, student1, 17-05-2022, 19:25:34
1, student1, 17-05-2022, 19:25:34
1, student1, 17-05-2022
1, student1, 17-05-2022
1, student1, 17-05-2022
1, student1, 17-05-2022
1, student1, 17-05-2022
1, student1, 17-05-2022
1, student1, 17-05-2022
1, student1, 17-05-2022
1, student1, 17-05-2022
1, student1, 17-05-2022
1, student1, 17-05-2022
1, student1, 17-05-2022
1, student1, 17-05-2022
1, student1, 17-05-2022
1, student1, 17-05-2022
1, student1, 17-05-2022
1, student1, 17-05-2022
1, student1, 17-05-2022
1, student1, 17-05-2022
1, student1, 17-05-2022
1, student1, 17-05-2022
1, student1, 17-05-2022
1, student1, 17-05-2022
1, student1, 17-05-2022
1, student1, 17-05-2022
1, student1, 17-05-2022
1, student1, 17-05-2022
1, student1, 17-05-2022
1, student1, 17-05-2022
1, student1, 17-05-2022
1, student1, 17-05-2022
1, student1, 17-05-2022
1, student1, 17-05-2022
1, student1, 17-05-2022
1, student1, 17-05-2022
1, student1, 17-05-2022
1, student1, 17-05-2022
1, student1, 17-05-2022
1, student1, 17-05-2022
1, student1, 17-05-2022
1, student1, 17-05-2022
1, student1, 17-05-2022
1, student1, 17-05-2022
1, student1, 17-05-2022
1, student1, 17-05-2022
1, student1, 17-05-2022
1, student1, 17-05-2022
1, student1, 17-05-2022
1, student1, 17-05-2022
1, student1, 17-05-2022
1, student1, 17-05-2022
1, student1, 17-05-2022
1, student1, 17-05-2022
1, student1, 17-05-2022
1, student1, 17-05-2022
1, student1, 17-05-2022
1, student1, 17-05-2022
1, student1, 17-05-2022
1, student1, 17-05-2022
1, student1, 17-05-2022
1, student1, 17-05-2022
1, student1, 17-05-2022
1, student1, 17-05-2022
1, student1, 17-05-2022
1, student1, 17-05-2022
2, student2, 17-05-2022
2, student2, 17-05-2022
2, student2, 17-05-2022
2, student2, 17-05-2022
2, student2, 17-05-2022
2, student2, 17-05-2022
2, student2, 17-05-2022
2, student2, 17-05-2022
2, student2, 17-05-2022
2, student2, 17-05-2022
2, student2, 17-05-2022
2, student2, 17-05-2022
2, student2, 17-05-2022
2, student2, 17-05-2022
2, student2, 17-05-2022
2, student2, 17-05-2022
2, student2, 17-05-2022
2, student2, 17-05-2022
1, student1, 17-05-2022
1, student1, 17-05-2022
1, student1, 17-05-2022
1, student1, 17-05-2022
1, student1, 17-05-2022
1, student1, 17-05-2022
1, student1, 17-05-2022